<?xm l version="1.0" encoding="UTF-8"?>

<Enunciado xmlns:xsi="http://www.w3.org/2001/XMLSchema-instance"
    xsi:noNamespaceSchemaLocation="enunciado.xsd">
    <idConcurso> 1 </idConcurso>
    <Peso>20</Peso>
    <Titulo> Exercicio 1 </Titulo>
    <Descricao> Some os números que lhe são passados como argumento, e apresente o resultado. </Descricao>
    <Exemplo>Input: 1 1 1 1 1   Output: 5</Exemplo>
    <Docente> PRH </Docente>
    <FuncAval>Diff</FuncAval>  
    <Linguagens> 
        <Linguagem>C</Linguagem>        
    </Linguagens>
    <Dict>
        <Teste>
            <Nome>Lista vazia</Nome>
            <Input></Input>
            <Output>0</Output>
        </Teste>
        <Teste>
            <Nome>Lista c/ 1 elem</Nome>
            <Input>1</Input>
            <Output>1</Output>
        </Teste>
        <Teste>
            <Nome>Lista c/ varios elem</Nome>
            <Input> 2 3 4 5 </Input>
            <Output>14</Output>
        </Teste>
    </Dict>
        
</Enunciado>